timeStamp,elapsed,label,responseCode,responseMessage,threadName,dataType,success,failureMessage,bytes,sentBytes,grpThreads,allThreads,URL,Latency,IdleTime,Connect
1699890868167,167,HTTP Request,200,OK,Thread Group 1-2,text,true,,11115,119,2,2,https://octoperf.com/blog/,163,0,86
1699890867754,579,HTTP Request,200,OK,Thread Group 1-1,text,true,,11116,119,2,2,https://octoperf.com/blog/,575,0,312
1699890868336,125,HTTP Request,200,OK,Thread Group 1-1,text,true,,11115,119,2,2,https://octoperf.com/blog/,125,0,0
1699890868336,130,HTTP Request,200,OK,Thread Group 1-2,text,true,,11116,119,2,2,https://octoperf.com/blog/,130,0,0
1699890868462,127,HTTP Request,200,OK,Thread Group 1-1,text,true,,11116,119,2,2,https://octoperf.com/blog/,127,0,0
1699890868466,123,HTTP Request,200,OK,Thread Group 1-2,text,true,,11115,119,2,2,https://octoperf.com/blog/,123,0,0
1699890868667,337,HTTP Request,200,OK,Thread Group 1-3,text,true,,11116,119,1,1,https://octoperf.com/blog/,336,0,103
1699890869004,129,HTTP Request,200,OK,Thread Group 1-3,text,true,,11116,119,1,1,https://octoperf.com/blog/,128,0,0
1699890869166,216,HTTP Request,200,OK,Thread Group 1-4,text,true,,11115,119,2,2,https://octoperf.com/blog/,205,0,67
1699890869133,251,HTTP Request,200,OK,Thread Group 1-3,text,true,,11116,119,2,2,https://octoperf.com/blog/,238,0,0
1699890869383,176,HTTP Request,200,OK,Thread Group 1-4,text,true,,11116,119,1,1,https://octoperf.com/blog/,176,0,0
1699890869559,161,HTTP Request,200,OK,Thread Group 1-4,text,true,,11116,119,2,2,https://octoperf.com/blog/,161,0,0
1699890869666,195,HTTP Request,200,OK,Thread Group 1-5,text,true,,11116,119,1,1,https://octoperf.com/blog/,195,0,63
1699890869862,125,HTTP Request,200,OK,Thread Group 1-5,text,true,,11116,119,1,1,https://octoperf.com/blog/,125,0,0
1699890869988,233,HTTP Request,200,OK,Thread Group 1-5,text,true,,11116,119,2,2,https://octoperf.com/blog/,214,0,0
1699890870167,220,HTTP Request,200,OK,Thread Group 1-6,text,true,,11116,119,1,1,https://octoperf.com/blog/,220,0,74
1699890870388,133,HTTP Request,200,OK,Thread Group 1-6,text,true,,11116,119,1,1,https://octoperf.com/blog/,133,0,0
1699890870521,146,HTTP Request,200,OK,Thread Group 1-6,text,true,,11116,119,2,2,https://octoperf.com/blog/,145,0,0
1699890870666,311,HTTP Request,200,OK,Thread Group 1-7,text,true,,11116,119,1,1,https://octoperf.com/blog/,311,0,90
1699890870977,139,HTTP Request,200,OK,Thread Group 1-7,text,true,,11116,119,1,1,https://octoperf.com/blog/,138,0,0
1699890871117,127,HTTP Request,200,OK,Thread Group 1-7,text,true,,11116,119,2,2,https://octoperf.com/blog/,126,0,0
1699890871166,238,HTTP Request,200,OK,Thread Group 1-8,text,true,,11116,119,1,1,https://octoperf.com/blog/,237,0,77
1699890871404,241,HTTP Request,200,OK,Thread Group 1-8,text,true,,11116,119,1,1,https://octoperf.com/blog/,239,0,0
1699890871666,215,HTTP Request,200,OK,Thread Group 1-9,text,true,,11115,119,2,2,https://octoperf.com/blog/,214,0,104
1699890871646,239,HTTP Request,200,OK,Thread Group 1-8,text,true,,11116,119,2,2,https://octoperf.com/blog/,238,0,0
1699890871883,127,HTTP Request,200,OK,Thread Group 1-9,text,true,,11116,119,1,1,https://octoperf.com/blog/,126,0,0
1699890872011,212,HTTP Request,200,OK,Thread Group 1-9,text,true,,11116,119,2,2,https://octoperf.com/blog/,212,0,0
1699890872166,179,HTTP Request,200,OK,Thread Group 1-10,text,true,,11116,119,1,1,https://octoperf.com/blog/,179,0,59
1699890872345,125,HTTP Request,200,OK,Thread Group 1-10,text,true,,11116,119,1,1,https://octoperf.com/blog/,125,0,0
1699890872471,218,HTTP Request,200,OK,Thread Group 1-10,text,true,,11116,119,1,1,https://octoperf.com/blog/,206,0,0
